{"nm":"present","ddd":0,"h":1150,"w":1150,"meta":{"g":"@lottiefiles/toolkit-js 0.33.2"},"layers":[{"ty":3,"nm":"Cpresent","sr":1,"st":0,"op":899,"ip":0,"hd":false,"ddd":0,"bm":0,"hasMask":false,"ao":0,"ks":{"a":{"a":0,"k":[0.049,442.049,0],"ix":1},"s":{"a":0,"k":[100,100,100],"ix":6},"sk":{"a":0,"k":0},"p":{"a":1,"k":[{"o":{"x":0.5,"y":0},"i":{"x":0,"y":1},"s":[576.539,1018.092,0],"t":190,"ti":[0,0,0],"to":[0,-48,0]},{"o":{"x":1,"y":0},"i":{"x":0.833,"y":0.833},"s":[576.539,730.092,0],"t":200,"ti":[0,-48,0],"to":[0,0,0]},{"s":[576.539,1018.092,0],"t":216}],"ix":2},"r":{"a":0,"k":0,"ix":10},"sa":{"a":0,"k":0},"o":{"a":0,"k":0,"ix":11}},"ef":[],"ind":1},{"ty":4,"nm":"presentcap","sr":1,"st":0,"op":899,"ip":0,"hd":false,"ddd":0,"bm":0,"hasMask":false,"ao":0,"ks":{"a":{"a":0,"k":[736.596,304.271,0],"ix":1},"s":{"a":0,"k":[100,100,100],"ix":6},"sk":{"a":0,"k":0},"p":{"a":1,"k":[{"o":{"x":0.5,"y":0},"i":{"x":0.5,"y":1},"s":[736.596,308.771,0],"t":156,"ti":[0,0,0],"to":[0,0,0]},{"o":{"x":0,"y":0},"i":{"x":0,"y":1},"s":[736.596,343.071,0],"t":189,"ti":[0,0,0],"to":[0,0,0]},{"o":{"x":1,"y":0},"i":{"x":0.833,"y":0.833},"s":[736.596,131.771,0],"t":199,"ti":[0,0,0],"to":[0,0,0]},{"o":{"x":0.167,"y":0.167},"i":{"x":0.5,"y":1},"s":[736.596,354.771,0],"t":215,"ti":[0,0,0],"to":[0,0,0]},{"s":[736.596,308.771,0],"t":222}],"ix":2},"r":{"a":1,"k":[{"o":{"x":0.5,"y":0},"i":{"x":0.5,"y":1},"s":[0],"t":158},{"o":{"x":0.5,"y":0},"i":{"x":0.5,"y":1},"s":[3],"t":162},{"o":{"x":0.5,"y":0},"i":{"x":0.5,"y":1},"s":[-3],"t":166},{"o":{"x":0.5,"y":0},"i":{"x":0.5,"y":1},"s":[3],"t":170},{"o":{"x":0.5,"y":0},"i":{"x":0.5,"y":1},"s":[-3],"t":174},{"o":{"x":0.5,"y":0},"i":{"x":0.5,"y":1},"s":[3],"t":178},{"o":{"x":0.5,"y":0},"i":{"x":0.5,"y":1},"s":[-3],"t":182},{"o":{"x":0.5,"y":0},"i":{"x":0.5,"y":1},"s":[3],"t":186},{"s":[0],"t":190}],"ix":10},"sa":{"a":0,"k":0},"o":{"a":0,"k":100,"ix":11}},"ef":[],"shapes":[{"ty":"gr","bm":0,"hd":false,"mn":"ADBE Vector Group","nm":"Group20","ix":1,"cix":2,"np":2,"it":[{"ty":"sh","bm":0,"hd":false,"mn":"ADBE Vector Shape - Group","nm":"Path 1","ix":1,"d":1,"ks":{"a":0,"k":{"c":true,"i":[[0,0],[0,0],[0,0],[0,0]],"o":[[0,0],[0,0],[0,0],[0,0]],"v":[[40.981,49.781],[-40.98,49.781],[-40.98,-49.781],[40.981,-49.781]]},"ix":2}},{"ty":"fl","bm":0,"hd":false,"mn":"ADBE Vector Graphic - Fill","nm":"Fill 1","c":{"a":0,"k":[1,0.9216,0.2314],"ix":4},"r":1,"o":{"a":0,"k":100,"ix":5}},{"ty":"tr","a":{"a":0,"k":[0,0],"ix":1},"s":{"a":0,"k":[100,100],"ix":3},"sk":{"a":0,"k":0,"ix":4},"p":{"a":0,"k":[736.595,254.49],"ix":2},"r":{"a":0,"k":0,"ix":6},"sa":{"a":0,"k":0,"ix":5},"o":{"a":0,"k":100,"ix":7}}]},{"ty":"gr","bm":0,"hd":false,"mn":"ADBE Vector Group","nm":"Group21","ix":2,"cix":2,"np":2,"it":[{"ty":"sh","bm":0,"hd":false,"mn":"ADBE Vector Shape - Group","nm":"Path 1","ix":1,"d":1,"ks":{"a":0,"k":{"c":true,"i":[[6.04,0],[0,0],[0,6.041],[0,0],[-6.04,0],[0,0],[0,-6.041],[0,0]],"o":[[0,0],[-6.04,0],[0,0],[0,-6.041],[0,0],[6.04,0],[0,0],[0,6.041]],"v":[[146.659,49.781],[-146.659,49.781],[-157.596,38.845],[-157.596,-38.844],[-146.659,-49.781],[146.659,-49.781],[157.596,-38.844],[157.596,38.845]]},"ix":2}},{"ty":"fl","bm":0,"hd":false,"mn":"ADBE Vector Graphic - Fill","nm":"Fill 1","c":{"a":0,"k":[0,0.4824,1],"ix":4},"r":1,"o":{"a":0,"k":100,"ix":5}},{"ty":"tr","a":{"a":0,"k":[0,0],"ix":1},"s":{"a":0,"k":[100,100],"ix":3},"sk":{"a":0,"k":0,"ix":4},"p":{"a":0,"k":[736.596,254.49],"ix":2},"r":{"a":0,"k":0,"ix":6},"sa":{"a":0,"k":0,"ix":5},"o":{"a":0,"k":100,"ix":7}}]}],"ind":2,"parent":5},{"ty":4,"nm":"bantikL","sr":1,"st":0,"op":899,"ip":0,"hd":false,"ddd":0,"bm":0,"hasMask":false,"ao":0,"ks":{"a":{"a":0,"k":[735.741,194.256,0],"ix":1},"s":{"a":0,"k":[100,100,100],"ix":6},"sk":{"a":0,"k":0},"p":{"a":0,"k":[735.741,194.256,0],"ix":2},"r":{"a":1,"k":[{"o":{"x":0.5,"y":0},"i":{"x":0.5,"y":1},"s":[0],"t":159},{"o":{"x":0.5,"y":0},"i":{"x":0.5,"y":1},"s":[5],"t":163},{"o":{"x":0.5,"y":0},"i":{"x":0.5,"y":1},"s":[-5],"t":167},{"o":{"x":0.5,"y":0},"i":{"x":0.5,"y":1},"s":[5],"t":171},{"o":{"x":0.5,"y":0},"i":{"x":0.5,"y":1},"s":[-5],"t":175},{"o":{"x":0.5,"y":0},"i":{"x":0.5,"y":1},"s":[5],"t":179},{"o":{"x":0.5,"y":0},"i":{"x":0.5,"y":1},"s":[-5],"t":183},{"o":{"x":0.5,"y":0},"i":{"x":0.5,"y":1},"s":[5],"t":187},{"o":{"x":0.5,"y":0},"i":{"x":0.5,"y":1},"s":[0],"t":191},{"o":{"x":0.5,"y":0},"i":{"x":0.5,"y":1},"s":[-5],"t":198},{"o":{"x":0.5,"y":0},"i":{"x":0.5,"y":1},"s":[15],"t":213},{"o":{"x":0.5,"y":0},"i":{"x":0.5,"y":1},"s":[-8],"t":218},{"o":{"x":0.5,"y":0},"i":{"x":0.5,"y":1},"s":[3],"t":223},{"o":{"x":0.5,"y":0},"i":{"x":0.5,"y":1},"s":[-1],"t":228},{"s":[0],"t":233}],"ix":10},"sa":{"a":0,"k":0},"o":{"a":0,"k":100,"ix":11}},"ef":[],"shapes":[{"ty":"gr","bm":0,"hd":false,"mn":"ADBE Vector Group","nm":"Group23","ix":1,"cix":2,"np":2,"it":[{"ty":"sh","bm":0,"hd":false,"mn":"ADBE Vector Shape - Group","nm":"Path 1","ix":1,"d":1,"ks":{"a":0,"k":{"c":true,"i":[[-0.369,22.093],[-5.992,8.736],[0,0],[-8.846,3.586],[-14.395,-16.584],[-2.64,-6.832],[0,0],[1.118,0.001],[0,0],[7.693,3.005]],"o":[[0.16,-9.545],[0,0],[5.992,-8.736],[20.944,-8.489],[4.802,5.532],[0,0],[0.403,1.043],[0,0],[-8.258,-0.002],[-20.134,-7.863]],"v":[[-61.679,1.968],[-52.671,-26.007],[-52.671,-26.009],[-29.816,-44.486],[26.828,-29.215],[37.973,-10.454],[61.646,50.809],[60.161,52.975],[-4.611,52.952],[-28.786,48.535]]},"ix":2}},{"ty":"st","bm":0,"hd":false,"mn":"ADBE Vector Graphic - Stroke","nm":"Stroke 1","lc":1,"lj":1,"ml":10,"o":{"a":0,"k":100,"ix":4},"w":{"a":0,"k":29,"ix":5},"c":{"a":0,"k":[1,0.898,0],"ix":3}},{"ty":"tr","a":{"a":0,"k":[0,0],"ix":1},"s":{"a":0,"k":[100,100],"ix":3},"sk":{"a":0,"k":0,"ix":4},"p":{"a":0,"k":[673.987,141.282],"ix":2},"r":{"a":0,"k":0,"ix":6},"sa":{"a":0,"k":0,"ix":5},"o":{"a":0,"k":100,"ix":7}}]}],"ind":3,"parent":2},{"ty":4,"nm":"bantikR","sr":1,"st":0,"op":899,"ip":0,"hd":false,"ddd":0,"bm":0,"hasMask":false,"ao":0,"ks":{"a":{"a":0,"k":[737.942,194.256,0],"ix":1},"s":{"a":0,"k":[100,100,100],"ix":6},"sk":{"a":0,"k":0},"p":{"a":0,"k":[737.942,194.256,0],"ix":2},"r":{"a":1,"k":[{"o":{"x":0.5,"y":0},"i":{"x":0.5,"y":1},"s":[0],"t":161},{"o":{"x":0.5,"y":0},"i":{"x":0.5,"y":1},"s":[5],"t":165},{"o":{"x":0.5,"y":0},"i":{"x":0.5,"y":1},"s":[-5],"t":169},{"o":{"x":0.5,"y":0},"i":{"x":0.5,"y":1},"s":[5],"t":173},{"o":{"x":0.5,"y":0},"i":{"x":0.5,"y":1},"s":[-5],"t":177},{"o":{"x":0.5,"y":0},"i":{"x":0.5,"y":1},"s":[5],"t":181},{"o":{"x":0.5,"y":0},"i":{"x":0.5,"y":1},"s":[-5],"t":185},{"o":{"x":0.5,"y":0},"i":{"x":0.5,"y":1},"s":[5],"t":189},{"o":{"x":0.5,"y":0},"i":{"x":0.5,"y":1},"s":[0],"t":193},{"o":{"x":0.5,"y":0},"i":{"x":0.5,"y":1},"s":[5],"t":200},{"o":{"x":0.5,"y":0},"i":{"x":0.5,"y":1},"s":[-15],"t":215},{"o":{"x":0.5,"y":0},"i":{"x":0.5,"y":1},"s":[8],"t":220},{"o":{"x":0.5,"y":0},"i":{"x":0.5,"y":1},"s":[-3],"t":225},{"o":{"x":0.5,"y":0},"i":{"x":0.5,"y":1},"s":[1],"t":230},{"s":[0],"t":235}],"ix":10},"sa":{"a":0,"k":0},"o":{"a":0,"k":100,"ix":11}},"ef":[],"shapes":[{"ty":"gr","bm":0,"hd":false,"mn":"ADBE Vector Group","nm":"Group24","ix":1,"cix":2,"np":2,"it":[{"ty":"sh","bm":0,"hd":false,"mn":"ADBE Vector Shape - Group","nm":"Path 1","ix":1,"d":1,"ks":{"a":0,"k":{"c":true,"i":[[0.369,22.093],[5.992,8.736],[0,0],[8.846,3.586],[14.395,-16.584],[2.64,-6.832],[0,0],[-1.118,0.001],[0,0],[-7.693,3.005]],"o":[[-0.16,-9.545],[0,0],[-5.992,-8.736],[-20.944,-8.489],[-4.802,5.532],[0,0],[-0.403,1.043],[0,0],[8.258,-0.002],[20.133,-7.863]],"v":[[61.68,1.968],[52.672,-26.007],[52.672,-26.009],[29.817,-44.486],[-26.827,-29.215],[-37.972,-10.454],[-61.645,50.809],[-60.16,52.975],[4.612,52.952],[28.787,48.535]]},"ix":2}},{"ty":"st","bm":0,"hd":false,"mn":"ADBE Vector Graphic - Stroke","nm":"Stroke 1","lc":1,"lj":1,"ml":10,"o":{"a":0,"k":100,"ix":4},"w":{"a":0,"k":29,"ix":5},"c":{"a":0,"k":[1,0.898,0],"ix":3}},{"ty":"tr","a":{"a":0,"k":[0,0],"ix":1},"s":{"a":0,"k":[100,100],"ix":3},"sk":{"a":0,"k":0,"ix":4},"p":{"a":0,"k":[799.695,141.282],"ix":2},"r":{"a":0,"k":0,"ix":6},"sa":{"a":0,"k":0,"ix":5},"o":{"a":0,"k":100,"ix":7}}]}],"ind":4,"parent":2},{"ty":4,"nm":"presentbox","sr":1,"st":0,"op":899,"ip":0,"hd":false,"ddd":0,"bm":0,"hasMask":false,"ao":0,"ks":{"a":{"a":0,"k":[737.539,467.092,0],"ix":1},"s":{"a":0,"k":[100,100,100],"ix":6},"sk":{"a":0,"k":0},"p":{"a":0,"k":[0.049,441.049,0],"ix":2},"r":{"a":0,"k":0,"ix":10},"sa":{"a":0,"k":0},"o":{"a":0,"k":100,"ix":11}},"ef":[],"shapes":[{"ty":"gr","bm":0,"hd":false,"mn":"ADBE Vector Group","nm":"Group19","ix":1,"cix":2,"np":2,"it":[{"ty":"sh","bm":0,"hd":false,"mn":"ADBE Vector Shape - Group","nm":"Path 1","ix":1,"d":1,"ks":{"a":1,"k":[{"o":{"x":0.5,"y":0},"i":{"x":0.5,"y":1},"s":[{"c":true,"i":[[0,0],[0,0],[0,0],[0,0]],"o":[[0,0],[0,0],[0,0],[0,0]],"v":[[37.13,81.41],[-37.13,81.41],[-39,-91.91],[35.26,-91.91]]}],"t":190},{"o":{"x":0.167,"y":0},"i":{"x":0.5,"y":1},"s":[{"c":true,"i":[[0,0],[0,0],[0,0],[0,0]],"o":[[0,0],[0,0],[0,0],[0,0]],"v":[[37.13,81.41],[-37.13,81.41],[-39,-107.91],[35.26,-107.91]]}],"t":200},{"o":{"x":0.167,"y":0},"i":{"x":0.5,"y":1},"s":[{"c":true,"i":[[0,0],[0,0],[0,0],[0,0]],"o":[[0,0],[0,0],[0,0],[0,0]],"v":[[37.13,81.41],[-37.13,81.41],[-39,-107.91],[35.26,-107.91]]}],"t":220},{"s":[{"c":true,"i":[[0,0],[0,0],[0,0],[0,0]],"o":[[0,0],[0,0],[0,0],[0,0]],"v":[[37.13,81.41],[-37.13,81.41],[-39,-91.91],[35.26,-91.91]]}],"t":227}],"ix":2}},{"ty":"fl","bm":0,"hd":false,"mn":"ADBE Vector Graphic - Fill","nm":"Fill 1","c":{"a":0,"k":[1,0.898,0],"ix":4},"r":1,"o":{"a":0,"k":100,"ix":5}},{"ty":"tr","a":{"a":0,"k":[0,0],"ix":1},"s":{"a":0,"k":[100,100],"ix":3},"sk":{"a":0,"k":0,"ix":4},"p":{"a":0,"k":[736.596,385.681],"ix":2},"r":{"a":0,"k":0,"ix":6},"sa":{"a":0,"k":0,"ix":5},"o":{"a":0,"k":100,"ix":7}}]},{"ty":"gr","bm":0,"hd":false,"mn":"ADBE Vector Group","nm":"Group22","ix":2,"cix":2,"np":2,"it":[{"ty":"sh","bm":0,"hd":false,"mn":"ADBE Vector Shape - Group","nm":"Path 1","ix":1,"d":1,"ks":{"a":1,"k":[{"o":{"x":0.167,"y":0.167},"i":{"x":0.5,"y":1},"s":[{"c":true,"i":[[6.04,0],[0,0],[0,6.041],[0,0],[-6.041,0],[0,0],[0,-6.041],[0,0]],"o":[[0,0],[-6.041,0],[0,0],[0,-6.041],[0,0],[6.04,0],[0,0],[0,6.041]],"v":[[127.407,126.791],[-127.406,126.791],[-138.343,115.855],[-136.458,-35.625],[-125.521,-46.562],[129.292,-46.562],[140.229,-35.625],[138.344,115.855]]}],"t":0},{"o":{"x":0.5,"y":0},"i":{"x":0.5,"y":1},"s":[{"c":true,"i":[[6.04,0],[0,0],[0,6.041],[0,0],[-6.041,0],[0,0],[0,-6.041],[0,0]],"o":[[0,0],[-6.041,0],[0,0],[0,-6.041],[0,0],[6.04,0],[0,0],[0,6.041]],"v":[[127.407,126.791],[-127.406,126.791],[-138.343,115.855],[-138.458,-35.625],[-127.521,-46.562],[127.292,-46.562],[138.229,-35.625],[138.343,115.855]]}],"t":190},{"o":{"x":0.167,"y":0},"i":{"x":0.5,"y":1},"s":[{"c":true,"i":[[6.04,0],[0,0],[0,6.041],[0,0],[-6.041,0],[0,0],[0,-6.041],[0,0]],"o":[[0,0],[-6.041,0],[0,0],[0,-6.041],[0,0],[6.04,0],[0,0],[0,6.041]],"v":[[127.407,126.791],[-127.406,126.791],[-138.343,115.855],[-138.458,-51.625],[-127.521,-62.562],[127.292,-62.562],[138.229,-51.625],[138.344,115.855]]}],"t":200},{"o":{"x":0.167,"y":0},"i":{"x":0.5,"y":1},"s":[{"c":true,"i":[[6.04,0],[0,0],[0,6.041],[0,0],[-6.041,0],[0,0],[0,-6.041],[0,0]],"o":[[0,0],[-6.041,0],[0,0],[0,-6.041],[0,0],[6.04,0],[0,0],[0,6.041]],"v":[[127.407,126.791],[-127.406,126.791],[-138.343,115.855],[-138.458,-51.625],[-127.521,-62.562],[127.292,-62.562],[138.229,-51.625],[138.344,115.855]]}],"t":220},{"s":[{"c":true,"i":[[6.04,0],[0,0],[0,6.041],[0,0],[-6.041,0],[0,0],[0,-6.041],[0,0]],"o":[[0,0],[-6.041,0],[0,0],[0,-6.041],[0,0],[6.04,0],[0,0],[0,6.041]],"v":[[127.407,126.791],[-127.406,126.791],[-138.343,115.855],[-138.458,-35.625],[-127.521,-46.562],[127.292,-46.562],[138.229,-35.625],[138.344,115.855]]}],"t":227}],"ix":2}},{"ty":"fl","bm":0,"hd":false,"mn":"ADBE Vector Graphic - Fill","nm":"Fill 1","c":{"a":0,"k":[0,0.4235,0.8784],"ix":4},"r":1,"o":{"a":0,"k":100,"ix":5}},{"ty":"tr","a":{"a":0,"k":[0,0],"ix":1},"s":{"a":0,"k":[100,100],"ix":3},"sk":{"a":0,"k":0,"ix":4},"p":{"a":0,"k":[736.596,340.301],"ix":2},"r":{"a":0,"k":0,"ix":6},"sa":{"a":0,"k":0,"ix":5},"o":{"a":0,"k":100,"ix":7}}]}],"ind":5,"parent":1},{"ty":4,"nm":"spark11","sr":1,"st":0,"op":899,"ip":0,"hd":false,"ddd":0,"bm":0,"hasMask":false,"ao":0,"ks":{"a":{"a":0,"k":[-94.996,-106.996,0],"ix":1},"s":{"a":1,"k":[{"o":{"x":1,"y":0},"i":{"x":1,"y":1},"s":[36.377,36.377,100],"t":197},{"s":[0,0,100],"t":214}],"ix":6},"sk":{"a":0,"k":0},"p":{"a":1,"k":[{"o":{"x":0,"y":0},"i":{"x":0,"y":1},"s":[-99.486,365.46,0],"t":186,"ti":[43.8819313049316,25.6729106903076,0],"to":[-5.16666650772095,-74.1666641235352,0]},{"o":{"x":1,"y":0},"i":{"x":1,"y":1},"s":[-160.486,208.46,0],"t":201,"ti":[-5.04912757873535,-137.995544433594,0],"to":[-6.55376052856445,-3.8342456817627,0]},{"s":[-99.486,365.46,0],"t":214}],"ix":2},"r":{"a":0,"k":45,"ix":10},"sa":{"a":0,"k":0},"o":{"a":0,"k":100,"ix":11}},"ef":[],"shapes":[{"ty":"gr","bm":0,"hd":false,"mn":"ADBE Vector Group","nm":"Rectangle 1","ix":1,"cix":2,"np":3,"it":[{"ty":"rc","bm":0,"hd":false,"mn":"ADBE Vector Shape - Rect","nm":"Rectangle Path 1","d":1,"p":{"a":0,"k":[0,0],"ix":3},"r":{"a":0,"k":0,"ix":4},"s":{"a":0,"k":[30.008,30.008],"ix":2}},{"ty":"st","bm":0,"hd":false,"mn":"ADBE Vector Graphic - Stroke","nm":"Stroke 1","lc":1,"lj":1,"ml":4,"o":{"a":0,"k":100,"ix":4},"w":{"a":0,"k":0,"ix":5},"c":{"a":0,"k":[1,1,1],"ix":3}},{"ty":"fl","bm":0,"hd":false,"mn":"ADBE Vector Graphic - Fill","nm":"Fill 1","c":{"a":0,"k":[1,0.8157,0.4902],"ix":4},"r":1,"o":{"a":0,"k":100,"ix":5}},{"ty":"tr","a":{"a":0,"k":[0,0],"ix":1},"s":{"a":0,"k":[100,100],"ix":3},"sk":{"a":0,"k":0,"ix":4},"p":{"a":0,"k":[-94.996,-106.996],"ix":2},"r":{"a":0,"k":0,"ix":6},"sa":{"a":0,"k":0,"ix":5},"o":{"a":0,"k":100,"ix":7}}]}],"ind":6,"parent":1},{"ty":4,"nm":"spark10","sr":1,"st":0,"op":899,"ip":0,"hd":false,"ddd":0,"bm":0,"hasMask":false,"ao":0,"ks":{"a":{"a":0,"k":[-94.996,-106.996,0],"ix":1},"s":{"a":1,"k":[{"o":{"x":1,"y":0},"i":{"x":1,"y":1},"s":[36.377,36.377,100],"t":197},{"s":[0,0,100],"t":214}],"ix":6},"sk":{"a":0,"k":0},"p":{"a":1,"k":[{"o":{"x":0,"y":0},"i":{"x":0,"y":1},"s":[-25.486,352.46,0],"t":186,"ti":[19.6917133331299,21.696460723877,0],"to":[2.5,-124.5,0]},{"o":{"x":1,"y":0},"i":{"x":1,"y":1},"s":[-86.486,135.46,0],"t":201,"ti":[0.26166790723801,-164.231063842773,0],"to":[-5.21526956558228,-5.74621915817261,0]},{"s":[-25.486,352.46,0],"t":214}],"ix":2},"r":{"a":0,"k":45,"ix":10},"sa":{"a":0,"k":0},"o":{"a":0,"k":100,"ix":11}},"ef":[],"shapes":[{"ty":"gr","bm":0,"hd":false,"mn":"ADBE Vector Group","nm":"Rectangle 1","ix":1,"cix":2,"np":3,"it":[{"ty":"rc","bm":0,"hd":false,"mn":"ADBE Vector Shape - Rect","nm":"Rectangle Path 1","d":1,"p":{"a":0,"k":[0,0],"ix":3},"r":{"a":0,"k":0,"ix":4},"s":{"a":0,"k":[30.008,30.008],"ix":2}},{"ty":"st","bm":0,"hd":false,"mn":"ADBE Vector Graphic - Stroke","nm":"Stroke 1","lc":1,"lj":1,"ml":4,"o":{"a":0,"k":100,"ix":4},"w":{"a":0,"k":0,"ix":5},"c":{"a":0,"k":[1,1,1],"ix":3}},{"ty":"fl","bm":0,"hd":false,"mn":"ADBE Vector Graphic - Fill","nm":"Fill 1","c":{"a":0,"k":[1,0.8157,0.4902],"ix":4},"r":1,"o":{"a":0,"k":100,"ix":5}},{"ty":"tr","a":{"a":0,"k":[0,0],"ix":1},"s":{"a":0,"k":[100,100],"ix":3},"sk":{"a":0,"k":0,"ix":4},"p":{"a":0,"k":[-94.996,-106.996],"ix":2},"r":{"a":0,"k":0,"ix":6},"sa":{"a":0,"k":0,"ix":5},"o":{"a":0,"k":100,"ix":7}}]}],"ind":7,"parent":1},{"ty":4,"nm":"spark9","sr":1,"st":0,"op":899,"ip":0,"hd":false,"ddd":0,"bm":0,"hasMask":false,"ao":0,"ks":{"a":{"a":0,"k":[-94.996,-106.996,0],"ix":1},"s":{"a":1,"k":[{"o":{"x":1,"y":0},"i":{"x":1,"y":1},"s":[36.377,36.377,100],"t":197},{"s":[0,0,100],"t":214}],"ix":6},"sk":{"a":0,"k":0},"p":{"a":1,"k":[{"o":{"x":0,"y":0},"i":{"x":0,"y":1},"s":[100.514,371.46,0],"t":186,"ti":[-81.0513000488281,47.6885261535645,0],"to":[-15.8333330154419,-97.6666641235352,0]},{"o":{"x":1,"y":0},"i":{"x":1,"y":1},"s":[191.514,139.46,0],"t":201,"ti":[-31.3533210754395,-174.00048828125,0],"to":[0.36032229661942,-0.21200448274612,0]},{"s":[100.514,371.46,0],"t":214}],"ix":2},"r":{"a":0,"k":45,"ix":10},"sa":{"a":0,"k":0},"o":{"a":0,"k":100,"ix":11}},"ef":[],"shapes":[{"ty":"gr","bm":0,"hd":false,"mn":"ADBE Vector Group","nm":"Rectangle 1","ix":1,"cix":2,"np":3,"it":[{"ty":"rc","bm":0,"hd":false,"mn":"ADBE Vector Shape - Rect","nm":"Rectangle Path 1","d":1,"p":{"a":0,"k":[0,0],"ix":3},"r":{"a":0,"k":0,"ix":4},"s":{"a":0,"k":[30.008,30.008],"ix":2}},{"ty":"st","bm":0,"hd":false,"mn":"ADBE Vector Graphic - Stroke","nm":"Stroke 1","lc":1,"lj":1,"ml":4,"o":{"a":0,"k":100,"ix":4},"w":{"a":0,"k":0,"ix":5},"c":{"a":0,"k":[1,1,1],"ix":3}},{"ty":"fl","bm":0,"hd":false,"mn":"ADBE Vector Graphic - Fill","nm":"Fill 1","c":{"a":0,"k":[0.6471,0.8549,0.8667],"ix":4},"r":1,"o":{"a":0,"k":100,"ix":5}},{"ty":"tr","a":{"a":0,"k":[0,0],"ix":1},"s":{"a":0,"k":[100,100],"ix":3},"sk":{"a":0,"k":0,"ix":4},"p":{"a":0,"k":[-94.996,-106.996],"ix":2},"r":{"a":0,"k":0,"ix":6},"sa":{"a":0,"k":0,"ix":5},"o":{"a":0,"k":100,"ix":7}}]}],"ind":8,"parent":1},{"ty":4,"nm":"spark8","sr":1,"st":0,"op":899,"ip":0,"hd":false,"ddd":0,"bm":0,"hasMask":false,"ao":0,"ks":{"a":{"a":0,"k":[-94.996,-106.996,0],"ix":1},"s":{"a":1,"k":[{"o":{"x":1,"y":0},"i":{"x":1,"y":1},"s":[81.149,81.149,100],"t":197},{"s":[0,0,100],"t":214}],"ix":6},"sk":{"a":0,"k":0},"p":{"a":1,"k":[{"o":{"x":0,"y":0},"i":{"x":0,"y":1},"s":[49.514,376.46,0],"t":186,"ti":[-23.4886989593506,25.894983291626,0],"to":[-15.3333330154419,-71.3333358764648,0]},{"o":{"x":1,"y":0},"i":{"x":1,"y":1},"s":[77.514,206.46,0],"t":201,"ti":[-25.9654388427734,-107.926177978516,0],"to":[0.02642781473696,-0.0291351955384,0]},{"s":[49.514,376.46,0],"t":214}],"ix":2},"r":{"a":0,"k":45,"ix":10},"sa":{"a":0,"k":0},"o":{"a":0,"k":100,"ix":11}},"ef":[],"shapes":[{"ty":"gr","bm":0,"hd":false,"mn":"ADBE Vector Group","nm":"Rectangle 1","ix":1,"cix":2,"np":3,"it":[{"ty":"rc","bm":0,"hd":false,"mn":"ADBE Vector Shape - Rect","nm":"Rectangle Path 1","d":1,"p":{"a":0,"k":[0,0],"ix":3},"r":{"a":0,"k":0,"ix":4},"s":{"a":0,"k":[30.008,30.008],"ix":2}},{"ty":"st","bm":0,"hd":false,"mn":"ADBE Vector Graphic - Stroke","nm":"Stroke 1","lc":1,"lj":1,"ml":4,"o":{"a":0,"k":100,"ix":4},"w":{"a":0,"k":0,"ix":5},"c":{"a":0,"k":[1,1,1],"ix":3}},{"ty":"fl","bm":0,"hd":false,"mn":"ADBE Vector Graphic - Fill","nm":"Fill 1","c":{"a":0,"k":[0.6471,0.8549,0.8667],"ix":4},"r":1,"o":{"a":0,"k":100,"ix":5}},{"ty":"tr","a":{"a":0,"k":[0,0],"ix":1},"s":{"a":0,"k":[100,100],"ix":3},"sk":{"a":0,"k":0,"ix":4},"p":{"a":0,"k":[-94.996,-106.996],"ix":2},"r":{"a":0,"k":0,"ix":6},"sa":{"a":0,"k":0,"ix":5},"o":{"a":0,"k":100,"ix":7}}]}],"ind":9,"parent":1},{"ty":4,"nm":"spark7","sr":1,"st":0,"op":899,"ip":0,"hd":false,"ddd":0,"bm":0,"hasMask":false,"ao":0,"ks":{"a":{"a":0,"k":[-94.996,-106.996,0],"ix":1},"s":{"a":1,"k":[{"o":{"x":1,"y":0},"i":{"x":1,"y":1},"s":[81.149,81.149,100],"t":197},{"s":[0,0,100],"t":214}],"ix":6},"sk":{"a":0,"k":0},"p":{"a":1,"k":[{"o":{"x":0,"y":0},"i":{"x":0,"y":1},"s":[-11.486,386.46,0],"t":186,"ti":[24.9577713012695,49.2292251586914,0],"to":[5.66666650772095,-86.6666641235352,0]},{"o":{"x":1,"y":0},"i":{"x":1,"y":1},"s":[-46.486,179.46,0],"t":201,"ti":[15.2377452850342,-111.400802612305,0],"to":[-0.05866902694106,-0.11572471261024,0]},{"s":[-11.486,386.46,0],"t":214}],"ix":2},"r":{"a":0,"k":45,"ix":10},"sa":{"a":0,"k":0},"o":{"a":0,"k":100,"ix":11}},"ef":[],"shapes":[{"ty":"gr","bm":0,"hd":false,"mn":"ADBE Vector Group","nm":"Rectangle 1","ix":1,"cix":2,"np":3,"it":[{"ty":"rc","bm":0,"hd":false,"mn":"ADBE Vector Shape - Rect","nm":"Rectangle Path 1","d":1,"p":{"a":0,"k":[0,0],"ix":3},"r":{"a":0,"k":0,"ix":4},"s":{"a":0,"k":[30.008,30.008],"ix":2}},{"ty":"st","bm":0,"hd":false,"mn":"ADBE Vector Graphic - Stroke","nm":"Stroke 1","lc":1,"lj":1,"ml":4,"o":{"a":0,"k":100,"ix":4},"w":{"a":0,"k":0,"ix":5},"c":{"a":0,"k":[1,1,1],"ix":3}},{"ty":"fl","bm":0,"hd":false,"mn":"ADBE Vector Graphic - Fill","nm":"Fill 1","c":{"a":0,"k":[1,0.8157,0.4902],"ix":4},"r":1,"o":{"a":0,"k":100,"ix":5}},{"ty":"tr","a":{"a":0,"k":[0,0],"ix":1},"s":{"a":0,"k":[100,100],"ix":3},"sk":{"a":0,"k":0,"ix":4},"p":{"a":0,"k":[-94.996,-106.996],"ix":2},"r":{"a":0,"k":0,"ix":6},"sa":{"a":0,"k":0,"ix":5},"o":{"a":0,"k":100,"ix":7}}]}],"ind":10,"parent":1},{"ty":4,"nm":"spark6","sr":1,"st":0,"op":899,"ip":0,"hd":false,"ddd":0,"bm":0,"hasMask":false,"ao":0,"ks":{"a":{"a":0,"k":[-94.996,-106.996,0],"ix":1},"s":{"a":1,"k":[{"o":{"x":1,"y":0},"i":{"x":1,"y":1},"s":[48.159,48.159,100],"t":197},{"s":[0,0,100],"t":214}],"ix":6},"sk":{"a":0,"k":0},"p":{"a":1,"k":[{"o":{"x":0,"y":0},"i":{"x":0,"y":1},"s":[105.514,364.46,0],"t":186,"ti":[-35.614387512207,26.8163223266602,0],"to":[0.33333334326744,-54.3333320617676,0]},{"o":{"x":1,"y":0},"i":{"x":1,"y":1},"s":[158.514,224.46,0],"t":201,"ti":[-2.65306091308594,-102.551078796387,0],"to":[0.20142711699009,-0.15166719257832,0]},{"s":[105.514,364.46,0],"t":214}],"ix":2},"r":{"a":0,"k":45,"ix":10},"sa":{"a":0,"k":0},"o":{"a":0,"k":100,"ix":11}},"ef":[],"shapes":[{"ty":"gr","bm":0,"hd":false,"mn":"ADBE Vector Group","nm":"Rectangle 1","ix":1,"cix":2,"np":3,"it":[{"ty":"rc","bm":0,"hd":false,"mn":"ADBE Vector Shape - Rect","nm":"Rectangle Path 1","d":1,"p":{"a":0,"k":[0,0],"ix":3},"r":{"a":0,"k":0,"ix":4},"s":{"a":0,"k":[30.008,30.008],"ix":2}},{"ty":"st","bm":0,"hd":false,"mn":"ADBE Vector Graphic - Stroke","nm":"Stroke 1","lc":1,"lj":1,"ml":4,"o":{"a":0,"k":100,"ix":4},"w":{"a":0,"k":0,"ix":5},"c":{"a":0,"k":[1,1,1],"ix":3}},{"ty":"fl","bm":0,"hd":false,"mn":"ADBE Vector Graphic - Fill","nm":"Fill 1","c":{"a":0,"k":[1,0.8157,0.4902],"ix":4},"r":1,"o":{"a":0,"k":100,"ix":5}},{"ty":"tr","a":{"a":0,"k":[0,0],"ix":1},"s":{"a":0,"k":[100,100],"ix":3},"sk":{"a":0,"k":0,"ix":4},"p":{"a":0,"k":[-94.996,-106.996],"ix":2},"r":{"a":0,"k":0,"ix":6},"sa":{"a":0,"k":0,"ix":5},"o":{"a":0,"k":100,"ix":7}}]}],"ind":11,"parent":1},{"ty":4,"nm":"spark5","sr":1,"st":0,"op":899,"ip":0,"hd":false,"ddd":0,"bm":0,"hasMask":false,"ao":0,"ks":{"a":{"a":0,"k":[-94.996,-106.996,0],"ix":1},"s":{"a":1,"k":[{"o":{"x":1,"y":0},"i":{"x":1,"y":1},"s":[59.941,59.941,100],"t":197},{"s":[0,0,100],"t":214}],"ix":6},"sk":{"a":0,"k":0},"p":{"a":1,"k":[{"o":{"x":0,"y":0},"i":{"x":0,"y":1},"s":[21.514,381.46,0],"t":186,"ti":[30.4939041137695,50.4796409606934,0],"to":[2.33333325386047,-48.5,0]},{"o":{"x":1,"y":0},"i":{"x":1,"y":1},"s":[8.514,228.46,0],"t":201,"ti":[22.5201988220215,-106.687683105469,0],"to":[-0.16568151116371,-0.27426934242249,0]},{"s":[21.514,381.46,0],"t":214}],"ix":2},"r":{"a":0,"k":45,"ix":10},"sa":{"a":0,"k":0},"o":{"a":0,"k":100,"ix":11}},"ef":[],"shapes":[{"ty":"gr","bm":0,"hd":false,"mn":"ADBE Vector Group","nm":"Rectangle 1","ix":1,"cix":2,"np":3,"it":[{"ty":"rc","bm":0,"hd":false,"mn":"ADBE Vector Shape - Rect","nm":"Rectangle Path 1","d":1,"p":{"a":0,"k":[0,0],"ix":3},"r":{"a":0,"k":0,"ix":4},"s":{"a":0,"k":[30.008,30.008],"ix":2}},{"ty":"st","bm":0,"hd":false,"mn":"ADBE Vector Graphic - Stroke","nm":"Stroke 1","lc":1,"lj":1,"ml":4,"o":{"a":0,"k":100,"ix":4},"w":{"a":0,"k":0,"ix":5},"c":{"a":0,"k":[1,1,1],"ix":3}},{"ty":"fl","bm":0,"hd":false,"mn":"ADBE Vector Graphic - Fill","nm":"Fill 1","c":{"a":0,"k":[1,0.8157,0.4902],"ix":4},"r":1,"o":{"a":0,"k":100,"ix":5}},{"ty":"tr","a":{"a":0,"k":[0,0],"ix":1},"s":{"a":0,"k":[100,100],"ix":3},"sk":{"a":0,"k":0,"ix":4},"p":{"a":0,"k":[-94.996,-106.996],"ix":2},"r":{"a":0,"k":0,"ix":6},"sa":{"a":0,"k":0,"ix":5},"o":{"a":0,"k":100,"ix":7}}]}],"ind":12,"parent":1},{"ty":4,"nm":"spark4","sr":1,"st":0,"op":899,"ip":0,"hd":false,"ddd":0,"bm":0,"hasMask":false,"ao":0,"ks":{"a":{"a":0,"k":[-94.996,-106.996,0],"ix":1},"s":{"a":1,"k":[{"o":{"x":1,"y":0},"i":{"x":1,"y":1},"s":[48.159,48.159,100],"t":197},{"s":[0,0,100],"t":214}],"ix":6},"sk":{"a":0,"k":0},"p":{"a":1,"k":[{"o":{"x":0,"y":0},"i":{"x":0,"y":1},"s":[-21.486,408.46,0],"t":186,"ti":[-41.8612174987793,77.8937683105469,0],"to":[-15.6666669845581,-117.166664123535,0]},{"o":{"x":1,"y":0},"i":{"x":1,"y":1},"s":[18.514,145.46,0],"t":201,"ti":[-30.0709571838379,-150.263214111328,0],"to":[0.24350243806839,-0.45310014486313,0]},{"s":[-21.486,408.46,0],"t":214}],"ix":2},"r":{"a":0,"k":45,"ix":10},"sa":{"a":0,"k":0},"o":{"a":0,"k":100,"ix":11}},"ef":[],"shapes":[{"ty":"gr","bm":0,"hd":false,"mn":"ADBE Vector Group","nm":"Rectangle 1","ix":1,"cix":2,"np":3,"it":[{"ty":"rc","bm":0,"hd":false,"mn":"ADBE Vector Shape - Rect","nm":"Rectangle Path 1","d":1,"p":{"a":0,"k":[0,0],"ix":3},"r":{"a":0,"k":0,"ix":4},"s":{"a":0,"k":[30.008,30.008],"ix":2}},{"ty":"st","bm":0,"hd":false,"mn":"ADBE Vector Graphic - Stroke","nm":"Stroke 1","lc":1,"lj":1,"ml":4,"o":{"a":0,"k":100,"ix":4},"w":{"a":0,"k":0,"ix":5},"c":{"a":0,"k":[1,1,1],"ix":3}},{"ty":"fl","bm":0,"hd":false,"mn":"ADBE Vector Graphic - Fill","nm":"Fill 1","c":{"a":0,"k":[0.9137,0.3176,0.6078],"ix":4},"r":1,"o":{"a":0,"k":100,"ix":5}},{"ty":"tr","a":{"a":0,"k":[0,0],"ix":1},"s":{"a":0,"k":[100,100],"ix":3},"sk":{"a":0,"k":0,"ix":4},"p":{"a":0,"k":[-94.996,-106.996],"ix":2},"r":{"a":0,"k":0,"ix":6},"sa":{"a":0,"k":0,"ix":5},"o":{"a":0,"k":100,"ix":7}}]}],"ind":13,"parent":1},{"ty":4,"nm":"spark3","sr":1,"st":0,"op":899,"ip":0,"hd":false,"ddd":0,"bm":0,"hasMask":false,"ao":0,"ks":{"a":{"a":0,"k":[-94.996,-106.996,0],"ix":1},"s":{"a":1,"k":[{"o":{"x":1,"y":0},"i":{"x":1,"y":1},"s":[48.159,48.159,100],"t":197},{"s":[0,0,100],"t":214}],"ix":6},"sk":{"a":0,"k":0},"p":{"a":1,"k":[{"o":{"x":0,"y":0},"i":{"x":0,"y":1},"s":[-40.986,362.96,0],"t":186,"ti":[42.6039390563965,31.8565120697021,0],"to":[5,-70,0]},{"o":{"x":1,"y":0},"i":{"x":1,"y":1},"s":[-95.986,222.46,0],"t":201,"ti":[10.0102043151855,-107.642860412598,0],"to":[-0.46671664714813,-0.34898096323013,0]},{"s":[-40.986,362.96,0],"t":214}],"ix":2},"r":{"a":0,"k":45,"ix":10},"sa":{"a":0,"k":0},"o":{"a":0,"k":100,"ix":11}},"ef":[],"shapes":[{"ty":"gr","bm":0,"hd":false,"mn":"ADBE Vector Group","nm":"Rectangle 1","ix":1,"cix":2,"np":3,"it":[{"ty":"rc","bm":0,"hd":false,"mn":"ADBE Vector Shape - Rect","nm":"Rectangle Path 1","d":1,"p":{"a":0,"k":[0,0],"ix":3},"r":{"a":0,"k":0,"ix":4},"s":{"a":0,"k":[30.008,30.008],"ix":2}},{"ty":"st","bm":0,"hd":false,"mn":"ADBE Vector Graphic - Stroke","nm":"Stroke 1","lc":1,"lj":1,"ml":4,"o":{"a":0,"k":100,"ix":4},"w":{"a":0,"k":0,"ix":5},"c":{"a":0,"k":[1,1,1],"ix":3}},{"ty":"fl","bm":0,"hd":false,"mn":"ADBE Vector Graphic - Fill","nm":"Fill 1","c":{"a":0,"k":[0.6471,0.8549,0.8667],"ix":4},"r":1,"o":{"a":0,"k":100,"ix":5}},{"ty":"tr","a":{"a":0,"k":[0,0],"ix":1},"s":{"a":0,"k":[100,100],"ix":3},"sk":{"a":0,"k":0,"ix":4},"p":{"a":0,"k":[-94.996,-106.996],"ix":2},"r":{"a":0,"k":0,"ix":6},"sa":{"a":0,"k":0,"ix":5},"o":{"a":0,"k":100,"ix":7}}]}],"ind":14,"parent":1},{"ty":4,"nm":"spark2","sr":1,"st":0,"op":899,"ip":0,"hd":false,"ddd":0,"bm":0,"hasMask":false,"ao":0,"ks":{"a":{"a":0,"k":[-94.996,-106.996,0],"ix":1},"s":{"a":1,"k":[{"o":{"x":1,"y":0},"i":{"x":1,"y":1},"s":[100,100,100],"t":197},{"s":[0,0,100],"t":214}],"ix":6},"sk":{"a":0,"k":0},"p":{"a":1,"k":[{"o":{"x":0,"y":0},"i":{"x":0,"y":1},"s":[58.014,372.96,0],"t":186,"ti":[-43.7986907958984,70.0169372558594,0],"to":[-12.8333330154419,-35.1666679382324,0]},{"o":{"x":1,"y":0},"i":{"x":1,"y":1},"s":[124.014,141.46,0],"t":201,"ti":[-16.4951591491699,-88.9542694091797,0],"to":[0.37189388275146,-0.59451252222061,0]},{"s":[58.014,372.96,0],"t":214}],"ix":2},"r":{"a":0,"k":45,"ix":10},"sa":{"a":0,"k":0},"o":{"a":0,"k":100,"ix":11}},"ef":[],"shapes":[{"ty":"gr","bm":0,"hd":false,"mn":"ADBE Vector Group","nm":"Rectangle 1","ix":1,"cix":2,"np":3,"it":[{"ty":"rc","bm":0,"hd":false,"mn":"ADBE Vector Shape - Rect","nm":"Rectangle Path 1","d":1,"p":{"a":0,"k":[0,0],"ix":3},"r":{"a":0,"k":0,"ix":4},"s":{"a":0,"k":[30.008,30.008],"ix":2}},{"ty":"st","bm":0,"hd":false,"mn":"ADBE Vector Graphic - Stroke","nm":"Stroke 1","lc":1,"lj":1,"ml":4,"o":{"a":0,"k":100,"ix":4},"w":{"a":0,"k":0,"ix":5},"c":{"a":0,"k":[1,1,1],"ix":3}},{"ty":"fl","bm":0,"hd":false,"mn":"ADBE Vector Graphic - Fill","nm":"Fill 1","c":{"a":0,"k":[1,0.8157,0.4902],"ix":4},"r":1,"o":{"a":0,"k":100,"ix":5}},{"ty":"tr","a":{"a":0,"k":[0,0],"ix":1},"s":{"a":0,"k":[100,100],"ix":3},"sk":{"a":0,"k":0,"ix":4},"p":{"a":0,"k":[-94.996,-106.996],"ix":2},"r":{"a":0,"k":0,"ix":6},"sa":{"a":0,"k":0,"ix":5},"o":{"a":0,"k":100,"ix":7}}]}],"ind":15,"parent":1},{"ty":4,"nm":"spark1","sr":1,"st":0,"op":899,"ip":0,"hd":false,"ddd":0,"bm":0,"hasMask":false,"ao":0,"ks":{"a":{"a":0,"k":[-94.996,-106.996,0],"ix":1},"s":{"a":1,"k":[{"o":{"x":1,"y":0},"i":{"x":1,"y":1},"s":[100,100,100],"t":197},{"s":[0,0,100],"t":214}],"ix":6},"sk":{"a":0,"k":0},"p":{"a":1,"k":[{"o":{"x":0,"y":0},"i":{"x":0,"y":1},"s":[-75.986,386.46,0],"t":186,"ti":[43.4212303161621,36.1582984924316,0],"to":[11.1666669845581,-138.83332824707,0]},{"o":{"x":1,"y":0},"i":{"x":1,"y":1},"s":[-163.986,149.46,0],"t":201,"ti":[16.5796318054199,-166.907958984375,0],"to":[-0.44834205508232,-0.37334927916527,0]},{"s":[-75.986,386.46,0],"t":214}],"ix":2},"r":{"a":0,"k":45,"ix":10},"sa":{"a":0,"k":0},"o":{"a":0,"k":100,"ix":11}},"ef":[],"shapes":[{"ty":"gr","bm":0,"hd":false,"mn":"ADBE Vector Group","nm":"Rectangle 1","ix":1,"cix":2,"np":3,"it":[{"ty":"rc","bm":0,"hd":false,"mn":"ADBE Vector Shape - Rect","nm":"Rectangle Path 1","d":1,"p":{"a":0,"k":[0,0],"ix":3},"r":{"a":0,"k":0,"ix":4},"s":{"a":0,"k":[30.008,30.008],"ix":2}},{"ty":"st","bm":0,"hd":false,"mn":"ADBE Vector Graphic - Stroke","nm":"Stroke 1","lc":1,"lj":1,"ml":4,"o":{"a":0,"k":100,"ix":4},"w":{"a":0,"k":0,"ix":5},"c":{"a":0,"k":[1,1,1],"ix":3}},{"ty":"fl","bm":0,"hd":false,"mn":"ADBE Vector Graphic - Fill","nm":"Fill 1","c":{"a":0,"k":[0.9137,0.3176,0.6078],"ix":4},"r":1,"o":{"a":0,"k":100,"ix":5}},{"ty":"tr","a":{"a":0,"k":[0,0],"ix":1},"s":{"a":0,"k":[100,100],"ix":3},"sk":{"a":0,"k":0,"ix":4},"p":{"a":0,"k":[-94.996,-106.996],"ix":2},"r":{"a":0,"k":0,"ix":6},"sa":{"a":0,"k":0,"ix":5},"o":{"a":0,"k":100,"ix":7}}]}],"ind":16,"parent":1}],"v":"5.3.0","fr":30,"op":251,"ip":150,"assets":[]}